{
  "modifydate": 1411331626.172348, 
  "tags": [], 
  "createdate": 1411331616.741001, 
  "syncdate": 0, 
  "content": "python\n\nNote for saving python notes", 
  "savedate": 1411331625.479078
}