{
  "modifydate": 1410117437.820393, 
  "tags": [], 
  "createdate": 1410117411.762223, 
  "syncdate": 0, 
  "content": "the whole first line is the title\n\nThis is a test note.\n\n[[test2]]", 
  "savedate": 1410117437.50462
}