{
  "modifydate": 1455073071.135165, 
  "tags": [], 
  "createdate": 1455073066.066669, 
  "syncdate": 0, 
  "content": "", 
  "savedate": 1455073070.650474
}